INSERT INTO customers (customer_id, name, class, salesperson, user_id, page) VALUES ('BALL11', 'Ballard Acres Farm', 'KEYM4', 'GINGUE, D', 'MMills', 1);
INSERT INTO orders (customer_id, order_date_start, order_date_end, total_quantity, total_price) VALUES ('BALL11', '2024-1-9', '2024-30-9', 57120, 21157.77);
INSERT INTO items (order_id, item_number, description, quantity, price, page) VALUES ((SELECT id FROM orders WHERE customer_id = 'BALL11' ORDER BY id DESC LIMIT 1), 'BALL10', 'Ballard Protein Mash', 51540, 18048.02, 1);
INSERT INTO items (order_id, item_number, description, quantity, price, page) VALUES ((SELECT id FROM orders WHERE customer_id = 'BALL11' ORDER BY id DESC LIMIT 1), 'BALL12D', 'Ballard CUD Mash', 3930, 1746.59, 1);
INSERT INTO items (order_id, item_number, description, quantity, price, page) VALUES ((SELECT id FROM orders WHERE customer_id = 'BALL11' ORDER BY id DESC LIMIT 1), 'BOV2420', 'OptiMilk 24-20 4 Seasons BOV Milk Replacer', 500, 748.55, 1);
INSERT INTO items (order_id, item_number, description, quantity, price, page) VALUES ((SELECT id FROM orders WHERE customer_id = 'BALL11' ORDER BY id DESC LIMIT 1), 'DRYII', 'DRY COW MINERAL II', 400, 367.8, 1);
INSERT INTO items (order_id, item_number, description, quantity, price, page) VALUES ((SELECT id FROM orders WHERE customer_id = 'BALL11' ORDER BY id DESC LIMIT 1), 'OPTICAF', 'Opti-C.A.F. Starter', 750, 246.81, 1);
INSERT INTO customers (customer_id, name, class, salesperson, user_id, page) VALUES ('BARN12', 'Barnes Family Farm', 'KEYM4', 'DOANE, M', 'MMills', 1);
INSERT INTO orders (customer_id, order_date_start, order_date_end, total_quantity, total_price) VALUES ('BARN12', '2024-1-9', '2024-30-9', 621165, 109649.07);
INSERT INTO items (order_id, item_number, description, quantity, price, page) VALUES ((SELECT id FROM orders WHERE customer_id = 'BARN12' ORDER BY id DESC LIMIT 1), '5004', 'Bulk Corn Meal', 368795, 41312.11, 1);
INSERT INTO items (order_id, item_number, description, quantity, price, page) VALUES ((SELECT id FROM orders WHERE customer_id = 'BARN12' ORDER BY id DESC LIMIT 1), 'ALS50', 'AlphaLine Start Calf Starter 5', 1250, 471.41, 1);
INSERT INTO items (order_id, item_number, description, quantity, price, page) VALUES ((SELECT id FROM orders WHERE customer_id = 'BARN12' ORDER BY id DESC LIMIT 1), 'ALTBULK', 'BULK AL TRANS HEIF PELLET', 12000, 2414.82, 1);
INSERT INTO items (order_id, item_number, description, quantity, price, page) VALUES ((SELECT id FROM orders WHERE customer_id = 'BARN12' ORDER BY id DESC LIMIT 1), 'AMBASE', 'Alpha Standard Bulk Heifer Min', 8000, 2626.6, 1);
INSERT INTO items (order_id, item_number, description, quantity, price, page) VALUES ((SELECT id FROM orders WHERE customer_id = 'BARN12' ORDER BY id DESC LIMIT 1), 'AMNPN', 'Alpha NPN Bulk Heifer Mineral', 3995, 1589.83, 1);
INSERT INTO items (order_id, item_number, description, quantity, price, page) VALUES ((SELECT id FROM orders WHERE customer_id = 'BARN12' ORDER BY id DESC LIMIT 1), 'BALANCER', 'AlphaLine BALANCER Heifer Mineral', 550, 412.78, 1);
INSERT INTO items (order_id, item_number, description, quantity, price, page) VALUES ((SELECT id FROM orders WHERE customer_id = 'BARN12' ORDER BY id DESC LIMIT 1), 'BARN10', 'Barnes (Addison) High Mash', 23660, 7444.79, 1);
INSERT INTO items (order_id, item_number, description, quantity, price, page) VALUES ((SELECT id FROM orders WHERE customer_id = 'BARN12' ORDER BY id DESC LIMIT 1), 'BARN11', 'Barnes (Shoreham) Robot Mash', 50075, 14006.94, 1);
INSERT INTO items (order_id, item_number, description, quantity, price, page) VALUES ((SELECT id FROM orders WHERE customer_id = 'BARN12' ORDER BY id DESC LIMIT 1), 'BARN12', 'Barnes Addison Low Mash', 27920, 7333.85, 1);
INSERT INTO items (order_id, item_number, description, quantity, price, page) VALUES ((SELECT id FROM orders WHERE customer_id = 'BARN12' ORDER BY id DESC LIMIT 1), 'BARN13D', 'Barnes CUD Mash', 20095, 7669.08, 1);
INSERT INTO items (order_id, item_number, description, quantity, price, page) VALUES ((SELECT id FROM orders WHERE customer_id = 'BARN12' ORDER BY id DESC LIMIT 1), 'BARN14', 'Barnes Fresh Mash', 24050, 8430.49, 1);
INSERT INTO items (order_id, item_number, description, quantity, price, page) VALUES ((SELECT id FROM orders WHERE customer_id = 'BARN12' ORDER BY id DESC LIMIT 1), 'BARN50HM', 'Barnes Farm Heifer Mineral 50 lb', 2000, 1400, 1);
INSERT INTO items (order_id, item_number, description, quantity, price, page) VALUES ((SELECT id FROM orders WHERE customer_id = 'BARN12' ORDER BY id DESC LIMIT 1), 'LAYP50', 'Premium Layer Pellet 50 lb', 100, 31.11, 1);
INSERT INTO items (order_id, item_number, description, quantity, price, page) VALUES ((SELECT id FROM orders WHERE customer_id = 'BARN12' ORDER BY id DESC LIMIT 1), 'ROBO20P', 'PGI Robot Pellet', 78400, 14308.52, 1);
INSERT INTO items (order_id, item_number, description, quantity, price, page) VALUES ((SELECT id FROM orders WHERE customer_id = 'BARN12' ORDER BY id DESC LIMIT 1), 'RTD50', 'RUMENSIN TOP DRESS MINERAL', 250, 120.75, 1);
INSERT INTO items (order_id, item_number, description, quantity, price, page) VALUES ((SELECT id FROM orders WHERE customer_id = 'BARN12' ORDER BY id DESC LIMIT 1), 'VF25', 'Vitalfort Electrolyte 25 lb', 25, 75.99, 1);
INSERT INTO customers (customer_id, name, class, salesperson, user_id, page) VALUES ('BARS10', 'Barstow''s Longview Farm LLC', 'RETAIL', 'ST. ONGE, M', 'MMills', 1);
INSERT INTO orders (customer_id, order_date_start, order_date_end, total_quantity, total_price) VALUES ('BARS10', '2024-1-9', '2024-30-9', 221905.57, 51865.33);
INSERT INTO items (order_id, item_number, description, quantity, price, page) VALUES ((SELECT id FROM orders WHERE customer_id = 'BARS10' ORDER BY id DESC LIMIT 1), '451', 'INTREGRAL A+', 275.57, 945.75, 1);
INSERT INTO items (order_id, item_number, description, quantity, price, page) VALUES ((SELECT id FROM orders WHERE customer_id = 'BARS10' ORDER BY id DESC LIMIT 1), 'ALS50', 'AlphaLine Start Calf Starter 5', 250, 97.29, 1);
INSERT INTO items (order_id, item_number, description, quantity, price, page) VALUES ((SELECT id FROM orders WHERE customer_id = 'BARS10' ORDER BY id DESC LIMIT 1), 'AM2620', 'AlphaLine MILK 26:20 BOV Milk Replacer', 100, 155.41, 1);
INSERT INTO items (order_id, item_number, description, quantity, price, page) VALUES ((SELECT id FROM orders WHERE customer_id = 'BARS10' ORDER BY id DESC LIMIT 1), 'BARS10', 'Long View (Barstow) Protein Ma', 77215, 18570.89, 1);
INSERT INTO items (order_id, item_number, description, quantity, price, page) VALUES ((SELECT id FROM orders WHERE customer_id = 'BARS10' ORDER BY id DESC LIMIT 1), 'BARS12P', 'Barstow Robot Pellet', 92365, 16799.52, 1);
INSERT INTO items (order_id, item_number, description, quantity, price, page) VALUES ((SELECT id FROM orders WHERE customer_id = 'BARS10' ORDER BY id DESC LIMIT 1), 'BARS13', 'Barstow Amino/Beet Blend', 34290, 7823.51, 1);
INSERT INTO items (order_id, item_number, description, quantity, price, page) VALUES ((SELECT id FROM orders WHERE customer_id = 'BARS10' ORDER BY id DESC LIMIT 1), 'BICARB', 'Sodium Bicarbonate', 1250, 430.64, 1);
INSERT INTO items (order_id, item_number, description, quantity, price, page) VALUES ((SELECT id FROM orders WHERE customer_id = 'BARS10' ORDER BY id DESC LIMIT 1), 'BOV2424', 'Alphaline Advantage 24/24 Bov', 2250, 3483.23, 1);
INSERT INTO items (order_id, item_number, description, quantity, price, page) VALUES ((SELECT id FROM orders WHERE customer_id = 'BARS10' ORDER BY id DESC LIMIT 1), 'BTM50', 'ALPHALINE SURE TRAX HEIFER MINERAL', 1550, 1333.78, 1);
INSERT INTO items (order_id, item_number, description, quantity, price, page) VALUES ((SELECT id FROM orders WHERE customer_id = 'BARS10' ORDER BY id DESC LIMIT 1), 'HRP20S', '20% Opti-Heif Rumensin Pellet', 12110, 2168.43, 1);
INSERT INTO items (order_id, item_number, description, quantity, price, page) VALUES ((SELECT id FROM orders WHERE customer_id = 'BARS10' ORDER BY id DESC LIMIT 1), 'WB', 'Block - White Salt', 250, 56.88, 1);
INSERT INTO customers (customer_id, name, class, salesperson, user_id, page) VALUES ('CONA13', 'Conant''s Riverside Farm LLC', 'KEYM4', 'CARABEAU, M', 'MMills', 1);
INSERT INTO orders (customer_id, order_date_start, order_date_end, total_quantity, total_price) VALUES ('CONA13', '2024-1-9', '2024-30-9', 348610, 89493.09);
INSERT INTO items (order_id, item_number, description, quantity, price, page) VALUES ((SELECT id FROM orders WHERE customer_id = 'CONA13' ORDER BY id DESC LIMIT 1), '5013', 'Bulk Farm Molasses', 32880, 5556.72, 1);
INSERT INTO items (order_id, item_number, description, quantity, price, page) VALUES ((SELECT id FROM orders WHERE customer_id = 'CONA13' ORDER BY id DESC LIMIT 1), 'ALTBULK', 'BULK AL TRANS HEIF PELLET', 10025, 2018.28, 1);
INSERT INTO items (order_id, item_number, description, quantity, price, page) VALUES ((SELECT id FROM orders WHERE customer_id = 'CONA13' ORDER BY id DESC LIMIT 1), 'BOV2424', 'Alphaline Advantage 24/24 Bov', 2500, 3862.75, 1);
INSERT INTO items (order_id, item_number, description, quantity, price, page) VALUES ((SELECT id FROM orders WHERE customer_id = 'CONA13' ORDER BY id DESC LIMIT 1), 'CONA10', 'Conant High Mash', 255260, 65485.22, 1);
INSERT INTO items (order_id, item_number, description, quantity, price, page) VALUES ((SELECT id FROM orders WHERE customer_id = 'CONA13' ORDER BY id DESC LIMIT 1), 'CONA11', 'Conant Low Mash', 17935, 3240.59, 1);
INSERT INTO items (order_id, item_number, description, quantity, price, page) VALUES ((SELECT id FROM orders WHERE customer_id = 'CONA13' ORDER BY id DESC LIMIT 1), 'CONA12D', 'Conant CUD Mash', 11970, 4192.13, 1);
INSERT INTO items (order_id, item_number, description, quantity, price, page) VALUES ((SELECT id FROM orders WHERE customer_id = 'CONA13' ORDER BY id DESC LIMIT 1), 'CONA13', 'Conant Fresh Mash', 17940, 4833.44, 1);
INSERT INTO items (order_id, item_number, description, quantity, price, page) VALUES ((SELECT id FROM orders WHERE customer_id = 'CONA13' ORDER BY id DESC LIMIT 1), 'VF25', 'Vitalfort Electrolyte 25 lb', 100, 303.96, 1);
INSERT INTO customers (customer_id, name, class, salesperson, user_id, page) VALUES ('EAST10', 'CTS Dairy', 'RETAIL', 'PIERCE, R.', 'MMills', 1);
INSERT INTO orders (customer_id, order_date_start, order_date_end, total_quantity, total_price) VALUES ('EAST10', '2024-1-9', '2024-30-9', 186860, 50848.28);
INSERT INTO items (order_id, item_number, description, quantity, price, page) VALUES ((SELECT id FROM orders WHERE customer_id = 'EAST10' ORDER BY id DESC LIMIT 1), '5001', 'Bulk Soybean Meal', 178260, 37968.9, 1);
INSERT INTO items (order_id, item_number, description, quantity, price, page) VALUES ((SELECT id FROM orders WHERE customer_id = 'EAST10' ORDER BY id DESC LIMIT 1), 'ARCTIC', 'OptiMilk 23-22 ARCTIC BOV Milk Replacer w/Bovatec', 600, 902.58, 1);
INSERT INTO items (order_id, item_number, description, quantity, price, page) VALUES ((SELECT id FROM orders WHERE customer_id = 'EAST10' ORDER BY id DESC LIMIT 1), 'BOV2420', 'OptiMilk 24-20 4 Seasons BOV Milk Replacer', 8000, 11976.8, 1);
INSERT INTO customers (customer_id, name, class, salesperson, user_id, page) VALUES ('DIMO10', 'Dimock Farms LLC', 'KEYM4', 'MOLESKY, P', 'MMills', 1);
INSERT INTO orders (customer_id, order_date_start, order_date_end, total_quantity, total_price) VALUES ('DIMO10', '2024-1-9', '2024-30-9', 224600, 50361.26);
INSERT INTO items (order_id, item_number, description, quantity, price, page) VALUES ((SELECT id FROM orders WHERE customer_id = 'DIMO10' ORDER BY id DESC LIMIT 1), 'DIMO10', 'Dimock High Mash', 178620, 40980.55, 1);
INSERT INTO items (order_id, item_number, description, quantity, price, page) VALUES ((SELECT id FROM orders WHERE customer_id = 'DIMO10' ORDER BY id DESC LIMIT 1), 'DIMO11', 'Dimock Low Mash', 37940, 7021.89, 1);
INSERT INTO items (order_id, item_number, description, quantity, price, page) VALUES ((SELECT id FROM orders WHERE customer_id = 'DIMO10' ORDER BY id DESC LIMIT 1), 'DIMO12', 'Dimock Fresh Mash', 6000, 1533.63, 1);
INSERT INTO items (order_id, item_number, description, quantity, price, page) VALUES ((SELECT id FROM orders WHERE customer_id = 'DIMO10' ORDER BY id DESC LIMIT 1), 'DIMO16HM', 'Dimock Farm Bulk Heifer Minera', 2040, 825.19, 1);
INSERT INTO customers (customer_id, name, class, salesperson, user_id, page) VALUES ('DEVI11', 'Devine Farms Inc.', 'RETAIL', 'ST. ONGE, M', 'MMills', 1);
INSERT INTO orders (customer_id, order_date_start, order_date_end, total_quantity, total_price) VALUES ('DEVI11', '2024-1-9', '2024-30-9', 117890.34, 25865.14);
INSERT INTO items (order_id, item_number, description, quantity, price, page) VALUES ((SELECT id FROM orders WHERE customer_id = 'DEVI11' ORDER BY id DESC LIMIT 1), '451', 'INTREGRAL A+', 165.34, 569.46, 1);
INSERT INTO items (order_id, item_number, description, quantity, price, page) VALUES ((SELECT id FROM orders WHERE customer_id = 'DEVI11' ORDER BY id DESC LIMIT 1), 'AS100', 'Biotal Plus 2 (Magniva Silver) 100 Ton 200 gram Pack', 5, 410, 1);
INSERT INTO items (order_id, item_number, description, quantity, price, page) VALUES ((SELECT id FROM orders WHERE customer_id = 'DEVI11' ORDER BY id DESC LIMIT 1), 'BICARB', 'Sodium Bicarbonate', 900, 311.85, 1);
INSERT INTO items (order_id, item_number, description, quantity, price, page) VALUES ((SELECT id FROM orders WHERE customer_id = 'DEVI11' ORDER BY id DESC LIMIT 1), 'BOV2420', 'OptiMilk 24-20 4 Seasons BOV Milk Replacer', 550, 831.66, 1);
INSERT INTO items (order_id, item_number, description, quantity, price, page) VALUES ((SELECT id FROM orders WHERE customer_id = 'DEVI11' ORDER BY id DESC LIMIT 1), 'BTM50', 'ALPHALINE SURE TRAX HEIFER MINERAL', 350, 301.88, 1);
INSERT INTO items (order_id, item_number, description, quantity, price, page) VALUES ((SELECT id FROM orders WHERE customer_id = 'DEVI11' ORDER BY id DESC LIMIT 1), 'DEVI10', 'Devine High Mash', 30760, 8787.01, 1);
INSERT INTO items (order_id, item_number, description, quantity, price, page) VALUES ((SELECT id FROM orders WHERE customer_id = 'DEVI11' ORDER BY id DESC LIMIT 1), 'DEVI11', 'Devine Low Mash', 25380, 6637.15, 1);
INSERT INTO items (order_id, item_number, description, quantity, price, page) VALUES ((SELECT id FROM orders WHERE customer_id = 'DEVI11' ORDER BY id DESC LIMIT 1), 'DEVI12CD', 'Devine Dry Cow Mash', 4000, 1164.18, 1);
INSERT INTO items (order_id, item_number, description, quantity, price, page) VALUES ((SELECT id FROM orders WHERE customer_id = 'DEVI11' ORDER BY id DESC LIMIT 1), 'DEVI13', 'Devine Corn Meal Mix', 54080, 6088.55, 1);
INSERT INTO items (order_id, item_number, description, quantity, price, page) VALUES ((SELECT id FROM orders WHERE customer_id = 'DEVI11' ORDER BY id DESC LIMIT 1), 'DRYII', 'DRY COW MINERAL II', 350, 327.08, 1);
INSERT INTO items (order_id, item_number, description, quantity, price, page) VALUES ((SELECT id FROM orders WHERE customer_id = 'DEVI11' ORDER BY id DESC LIMIT 1), 'HEIFRP50', 'Bag Opti-Heif RP Pellet', 700, 212.7, 1);
INSERT INTO items (order_id, item_number, description, quantity, price, page) VALUES ((SELECT id FROM orders WHERE customer_id = 'DEVI11' ORDER BY id DESC LIMIT 1), 'OPTICAF', 'Opti-C.A.F. Starter', 650, 223.62, 1);
INSERT INTO customers (customer_id, name, class, salesperson, user_id, page) VALUES ('GERV10', 'Gervais Family Farm', 'KEYM4', 'GINGUE, D', 'MMills', 1);
INSERT INTO orders (customer_id, order_date_start, order_date_end, total_quantity, total_price) VALUES ('GERV10', '2024-1-9', '2024-30-9', 531010, 158095.62);
INSERT INTO items (order_id, item_number, description, quantity, price, page) VALUES ((SELECT id FROM orders WHERE customer_id = 'GERV10' ORDER BY id DESC LIMIT 1), 'AMBASE', 'Alpha Standard Bulk Heifer Min', 1985, 693.87, 1);
INSERT INTO items (order_id, item_number, description, quantity, price, page) VALUES ((SELECT id FROM orders WHERE customer_id = 'GERV10' ORDER BY id DESC LIMIT 1), 'GERV12', 'Gervais Farm l High Mash', 264235, 76787.82, 1);
INSERT INTO items (order_id, item_number, description, quantity, price, page) VALUES ((SELECT id FROM orders WHERE customer_id = 'GERV10' ORDER BY id DESC LIMIT 1), 'GERV13', 'Gervais Farm l Lact 1 Mash', 205140, 59143.97, 1);
INSERT INTO items (order_id, item_number, description, quantity, price, page) VALUES ((SELECT id FROM orders WHERE customer_id = 'GERV10' ORDER BY id DESC LIMIT 1), 'GERV14CD', 'Gervais Farm I CUD Mash', 16040, 7315.14, 1);
INSERT INTO items (order_id, item_number, description, quantity, price, page) VALUES ((SELECT id FROM orders WHERE customer_id = 'GERV10' ORDER BY id DESC LIMIT 1), 'GERV15', 'Gervais Farm l Fresh Mash', 43610, 14154.82, 1);
INSERT INTO customers (customer_id, name, class, salesperson, user_id, page) VALUES ('GERV13', 'Gervais Family - Farm #2', 'KEYM4', 'CARABEAU, M', 'MMills', 1);
INSERT INTO orders (customer_id, order_date_start, order_date_end, total_quantity, total_price) VALUES ('GERV13', '2024-1-9', '2024-30-9', 650185, 154868.7);
INSERT INTO items (order_id, item_number, description, quantity, price, page) VALUES ((SELECT id FROM orders WHERE customer_id = 'GERV13' ORDER BY id DESC LIMIT 1), '5004', 'Bulk Corn Meal', 143395, 16992.32, 1);
INSERT INTO items (order_id, item_number, description, quantity, price, page) VALUES ((SELECT id FROM orders WHERE customer_id = 'GERV13' ORDER BY id DESC LIMIT 1), 'GERV20', 'Gervais Farm lI High Mash', 238635, 64845.4, 1);
INSERT INTO items (order_id, item_number, description, quantity, price, page) VALUES ((SELECT id FROM orders WHERE customer_id = 'GERV13' ORDER BY id DESC LIMIT 1), 'GERV21D', 'Gervais Farm II CUD Mash', 17950, 6636.25, 1);
INSERT INTO items (order_id, item_number, description, quantity, price, page) VALUES ((SELECT id FROM orders WHERE customer_id = 'GERV13' ORDER BY id DESC LIMIT 1), 'GERV22', 'Gervais Farm 2 Lact1 High Mash', 160905, 43061.54, 1);
INSERT INTO items (order_id, item_number, description, quantity, price, page) VALUES ((SELECT id FROM orders WHERE customer_id = 'GERV13' ORDER BY id DESC LIMIT 1), 'GERV23', 'Gervais Farm lI Midd/Low Mash', 45630, 10066.25, 1);
INSERT INTO items (order_id, item_number, description, quantity, price, page) VALUES ((SELECT id FROM orders WHERE customer_id = 'GERV13' ORDER BY id DESC LIMIT 1), 'GERV24', 'Gervais Farm lI Fresh Mash', 43670, 13266.94, 1);
INSERT INTO customers (customer_id, name, class, salesperson, user_id, page) VALUES ('GOTH10', 'Gotham Family Farm LLC', 'RETAIL', 'WHITTAKER, E', 'MMills', 1);
INSERT INTO orders (customer_id, order_date_start, order_date_end, total_quantity, total_price) VALUES ('GOTH10', '2024-1-9', '2024-30-9', 216370.23, 53740.13);
INSERT INTO items (order_id, item_number, description, quantity, price, page) VALUES ((SELECT id FROM orders WHERE customer_id = 'GOTH10' ORDER BY id DESC LIMIT 1), '451', 'INTREGRAL A+', 110.23, 376.33, 1);
INSERT INTO items (order_id, item_number, description, quantity, price, page) VALUES ((SELECT id FROM orders WHERE customer_id = 'GOTH10' ORDER BY id DESC LIMIT 1), 'DRYII', 'DRY COW MINERAL II', 1000, 929.5, 1);
INSERT INTO items (order_id, item_number, description, quantity, price, page) VALUES ((SELECT id FROM orders WHERE customer_id = 'GOTH10' ORDER BY id DESC LIMIT 1), 'GOTH10', 'Gotham Farm High Mash', 57820, 16634.47, 1);
INSERT INTO items (order_id, item_number, description, quantity, price, page) VALUES ((SELECT id FROM orders WHERE customer_id = 'GOTH10' ORDER BY id DESC LIMIT 1), 'GOTH11', 'Gotham Low Mash', 67540, 13104.24, 1);
INSERT INTO items (order_id, item_number, description, quantity, price, page) VALUES ((SELECT id FROM orders WHERE customer_id = 'GOTH10' ORDER BY id DESC LIMIT 1), 'GOTH12CD', 'Gotham Farm CUD Mash', 11980, 4138.95, 1);
INSERT INTO items (order_id, item_number, description, quantity, price, page) VALUES ((SELECT id FROM orders WHERE customer_id = 'GOTH10' ORDER BY id DESC LIMIT 1), 'GOTH14P', 'Gotham Farm TMR Fresh Pellet', 72000, 17531.8, 1);
INSERT INTO items (order_id, item_number, description, quantity, price, page) VALUES ((SELECT id FROM orders WHERE customer_id = 'GOTH10' ORDER BY id DESC LIMIT 1), 'HRP21C', 'Gotham 22% Heifer Pellet', 5920, 1024.84, 1);
INSERT INTO customers (customer_id, name, class, salesperson, user_id, page) VALUES ('HIDD10', 'Hidden View Farm', 'KEYM4', 'WHITTAKER, E', 'MMills', 1);
INSERT INTO orders (customer_id, order_date_start, order_date_end, total_quantity, total_price) VALUES ('HIDD10', '2024-1-9', '2024-30-9', 516470.23, 118947.77);
INSERT INTO items (order_id, item_number, description, quantity, price, page) VALUES ((SELECT id FROM orders WHERE customer_id = 'HIDD10' ORDER BY id DESC LIMIT 1), '451', 'INTREGRAL A+', 110.23, 379.08, 1);
INSERT INTO items (order_id, item_number, description, quantity, price, page) VALUES ((SELECT id FROM orders WHERE customer_id = 'HIDD10' ORDER BY id DESC LIMIT 1), 'HIDD10', 'Hidden View High Mash', 342680, 78042.61, 1);
INSERT INTO items (order_id, item_number, description, quantity, price, page) VALUES ((SELECT id FROM orders WHERE customer_id = 'HIDD10' ORDER BY id DESC LIMIT 1), 'HIDD12', 'Hidden View Fresh Mash', 57420, 14318.57, 1);
INSERT INTO items (order_id, item_number, description, quantity, price, page) VALUES ((SELECT id FROM orders WHERE customer_id = 'HIDD10' ORDER BY id DESC LIMIT 1), 'HIDD13CD', 'Hidden View CUD Mash', 16120, 6538.15, 1);
INSERT INTO items (order_id, item_number, description, quantity, price, page) VALUES ((SELECT id FROM orders WHERE customer_id = 'HIDD10' ORDER BY id DESC LIMIT 1), 'HIDD14', 'Hidden View Low Mash', 100140, 19669.36, 1);
INSERT INTO customers (customer_id, name, class, salesperson, user_id, page) VALUES ('HIGH10', 'Highway View Farm', 'RETAIL', 'ST. ONGE, M', 'MMills', 1);
INSERT INTO orders (customer_id, order_date_start, order_date_end, total_quantity, total_price) VALUES ('HIGH10', '2024-1-9', '2024-30-9', 56600, 14002.95);
INSERT INTO items (order_id, item_number, description, quantity, price, page) VALUES ((SELECT id FROM orders WHERE customer_id = 'HIGH10' ORDER BY id DESC LIMIT 1), 'ALTBULK', 'BULK AL TRANS HEIF PELLET', 4070, 847.88, 1);
INSERT INTO items (order_id, item_number, description, quantity, price, page) VALUES ((SELECT id FROM orders WHERE customer_id = 'HIGH10' ORDER BY id DESC LIMIT 1), 'BALANCER', 'AlphaLine BALANCER Heifer Mineral', 400, 305, 1);
INSERT INTO items (order_id, item_number, description, quantity, price, page) VALUES ((SELECT id FROM orders WHERE customer_id = 'HIGH10' ORDER BY id DESC LIMIT 1), 'HIGH10', 'Highway View (Crete) Lactating', 31670, 8761.66, 1);
INSERT INTO items (order_id, item_number, description, quantity, price, page) VALUES ((SELECT id FROM orders WHERE customer_id = 'HIGH10' ORDER BY id DESC LIMIT 1), 'HIGH11D', 'Highway View (Crete) Dry Cow M', 1995, 704.91, 1);
INSERT INTO items (order_id, item_number, description, quantity, price, page) VALUES ((SELECT id FROM orders WHERE customer_id = 'HIGH10' ORDER BY id DESC LIMIT 1), 'ROBO10P', 'PGI ROBOT PELLET', 18165, 3309.58, 1);
INSERT INTO items (order_id, item_number, description, quantity, price, page) VALUES ((SELECT id FROM orders WHERE customer_id = 'HIGH10' ORDER BY id DESC LIMIT 1), 'TMB', 'Block - Trace Mineral Salt', 300, 73.92, 1);
INSERT INTO customers (customer_id, name, class, salesperson, user_id, page) VALUES ('HYTO10', 'Hytone Farm LLC', 'RETAIL', 'HALL,I', 'MMills', 1);
INSERT INTO orders (customer_id, order_date_start, order_date_end, total_quantity, total_price) VALUES ('HYTO10', '2024-1-9', '2024-30-9', 240780, 48490.22);
INSERT INTO items (order_id, item_number, description, quantity, price, page) VALUES ((SELECT id FROM orders WHERE customer_id = 'HYTO10' ORDER BY id DESC LIMIT 1), 'BTM50', 'ALPHALINE SURE TRAX HEIFER MINERAL', 1100, 952.05, 1);
INSERT INTO items (order_id, item_number, description, quantity, price, page) VALUES ((SELECT id FROM orders WHERE customer_id = 'HYTO10' ORDER BY id DESC LIMIT 1), 'DRYII', 'DRY COW MINERAL II', 600, 562.52, 1);
INSERT INTO items (order_id, item_number, description, quantity, price, page) VALUES ((SELECT id FROM orders WHERE customer_id = 'HYTO10' ORDER BY id DESC LIMIT 1), 'HRP20S', '20% Opti-Heif Rumensin Pellet', 7160, 1358.24, 1);
INSERT INTO items (order_id, item_number, description, quantity, price, page) VALUES ((SELECT id FROM orders WHERE customer_id = 'HYTO10' ORDER BY id DESC LIMIT 1), 'HYTO10', 'Hytone Farm High Mash', 180240, 37835.43, 1);
INSERT INTO items (order_id, item_number, description, quantity, price, page) VALUES ((SELECT id FROM orders WHERE customer_id = 'HYTO10' ORDER BY id DESC LIMIT 1), 'HYTO11', 'Hytone Prefresh (CUD) Mash', 2020, 738.74, 1);
INSERT INTO items (order_id, item_number, description, quantity, price, page) VALUES ((SELECT id FROM orders WHERE customer_id = 'HYTO10' ORDER BY id DESC LIMIT 1), 'HYTO13', 'Hytone Low Mash', 49660, 7043.24, 1);
INSERT INTO customers (customer_id, name, class, salesperson, user_id, page) VALUES ('JORD10', 'Jordan Dairy Farms Inc.', 'RETAIL', 'ST. ONGE, M', 'MMills', 1);
INSERT INTO orders (customer_id, order_date_start, order_date_end, total_quantity, total_price) VALUES ('JORD10', '2024-1-9', '2024-30-9', 229570.23, 56652.92);
INSERT INTO items (order_id, item_number, description, quantity, price, page) VALUES ((SELECT id FROM orders WHERE customer_id = 'JORD10' ORDER BY id DESC LIMIT 1), '430', 'REASHURE CHOLINE', 110.23, 321.26, 1);
INSERT INTO items (order_id, item_number, description, quantity, price, page) VALUES ((SELECT id FROM orders WHERE customer_id = 'JORD10' ORDER BY id DESC LIMIT 1), 'BTM50', 'ALPHALINE SURE TRAX HEIFER MINERAL', 550, 476.03, 1);
INSERT INTO items (order_id, item_number, description, quantity, price, page) VALUES ((SELECT id FROM orders WHERE customer_id = 'JORD10' ORDER BY id DESC LIMIT 1), 'DRYII', 'DRY COW MINERAL II', 200, 187.5, 1);
INSERT INTO items (order_id, item_number, description, quantity, price, page) VALUES ((SELECT id FROM orders WHERE customer_id = 'JORD10' ORDER BY id DESC LIMIT 1), 'JORD10', 'Jordan High Mash', 121445, 31212.11, 1);
INSERT INTO items (order_id, item_number, description, quantity, price, page) VALUES ((SELECT id FROM orders WHERE customer_id = 'JORD10' ORDER BY id DESC LIMIT 1), 'JORD11', 'Jordan Midd/ Low  Mash', 21745, 5251.52, 1);
INSERT INTO items (order_id, item_number, description, quantity, price, page) VALUES ((SELECT id FROM orders WHERE customer_id = 'JORD10' ORDER BY id DESC LIMIT 1), 'JORD12D', 'Jordan CUD Mash', 7000, 2361.44, 1);
INSERT INTO items (order_id, item_number, description, quantity, price, page) VALUES ((SELECT id FROM orders WHERE customer_id = 'JORD10' ORDER BY id DESC LIMIT 1), 'JORD14H', 'Jordan Farm 2 - Heifer Mash', 12020, 2109.21, 1);
INSERT INTO items (order_id, item_number, description, quantity, price, page) VALUES ((SELECT id FROM orders WHERE customer_id = 'JORD10' ORDER BY id DESC LIMIT 1), 'JORD21P', 'Jordan Turk/Gamebird Gro/Fin P', 56000, 12534.35, 1);
INSERT INTO items (order_id, item_number, description, quantity, price, page) VALUES ((SELECT id FROM orders WHERE customer_id = 'JORD10' ORDER BY id DESC LIMIT 1), 'LAYP50', 'Premium Layer Pellet 50 lb', 100, 31.92, 1);
INSERT INTO items (order_id, item_number, description, quantity, price, page) VALUES ((SELECT id FROM orders WHERE customer_id = 'JORD10' ORDER BY id DESC LIMIT 1), 'LIME', 'Calcium Carbonate', 200, 30.5, 1);
INSERT INTO items (order_id, item_number, description, quantity, price, page) VALUES ((SELECT id FROM orders WHERE customer_id = 'JORD10' ORDER BY id DESC LIMIT 1), 'PIGP', 'Bulk Pig Grower Pellet 16%', 9900, 1986.78, 1);
INSERT INTO items (order_id, item_number, description, quantity, price, page) VALUES ((SELECT id FROM orders WHERE customer_id = 'JORD10' ORDER BY id DESC LIMIT 1), 'RTD50', 'RUMENSIN TOP DRESS MINERAL', 300, 150.3, 1);
INSERT INTO customers (customer_id, name, class, salesperson, user_id, page) VALUES ('KEEW10', 'Keewaydin Farm', 'RETAIL', 'FLINT, H', 'MMills', 1);
INSERT INTO orders (customer_id, order_date_start, order_date_end, total_quantity, total_price) VALUES ('KEEW10', '2024-1-9', '2024-30-9', 21855, 4676.2);
INSERT INTO items (order_id, item_number, description, quantity, price, page) VALUES ((SELECT id FROM orders WHERE customer_id = 'KEEW10' ORDER BY id DESC LIMIT 1), '2012', 'MAGNESIUM SULFATE (EPSOM SALTS)', 50, 31.33, 1);
INSERT INTO items (order_id, item_number, description, quantity, price, page) VALUES ((SELECT id FROM orders WHERE customer_id = 'KEEW10' ORDER BY id DESC LIMIT 1), 'PIKE10', 'Keewaydin Protein Mash', 5950, 1799.61, 1);
INSERT INTO items (order_id, item_number, description, quantity, price, page) VALUES ((SELECT id FROM orders WHERE customer_id = 'KEEW10' ORDER BY id DESC LIMIT 1), 'PIKE11P', 'Keewaydin Robot Pellet', 15855, 2845.26, 1);
INSERT INTO customers (customer_id, name, class, salesperson, user_id, page) VALUES ('KELL14', 'Kelly Dairy LLC', 'RETAIL', 'WHITTAKER, E', 'MMills', 1);
INSERT INTO orders (customer_id, order_date_start, order_date_end, total_quantity, total_price) VALUES ('KELL14', '2024-1-9', '2024-30-9', 808820, 213890.22);
INSERT INTO items (order_id, item_number, description, quantity, price, page) VALUES ((SELECT id FROM orders WHERE customer_id = 'KELL14' ORDER BY id DESC LIMIT 1), '991', 'CALCIUM SALT FAT', 2800, 1922.2, 1);
INSERT INTO items (order_id, item_number, description, quantity, price, page) VALUES ((SELECT id FROM orders WHERE customer_id = 'KELL14' ORDER BY id DESC LIMIT 1), '998', 'C-16 FAT BAGGED', 300, 265.95, 1);
INSERT INTO items (order_id, item_number, description, quantity, price, page) VALUES ((SELECT id FROM orders WHERE customer_id = 'KELL14' ORDER BY id DESC LIMIT 1), 'BICARB', 'Sodium Bicarbonate', 4000, 1326, 1);
INSERT INTO items (order_id, item_number, description, quantity, price, page) VALUES ((SELECT id FROM orders WHERE customer_id = 'KELL14' ORDER BY id DESC LIMIT 1), 'KELL10', 'Kelly Farm High Mash', 383140, 106473.66, 1);
INSERT INTO items (order_id, item_number, description, quantity, price, page) VALUES ((SELECT id FROM orders WHERE customer_id = 'KELL14' ORDER BY id DESC LIMIT 1), 'KELL11', 'Kelly Farm Fresh Mash', 35320, 12156.14, 1);
INSERT INTO items (order_id, item_number, description, quantity, price, page) VALUES ((SELECT id FROM orders WHERE customer_id = 'KELL14' ORDER BY id DESC LIMIT 1), 'KELL12CD', 'Kelly Farm CUD Mash', 38240, 15634.73, 1);
INSERT INTO items (order_id, item_number, description, quantity, price, page) VALUES ((SELECT id FROM orders WHERE customer_id = 'KELL14' ORDER BY id DESC LIMIT 1), 'KELL13', 'Kelly Farm Low Mash', 238200, 50414.76, 1);
INSERT INTO items (order_id, item_number, description, quantity, price, page) VALUES ((SELECT id FROM orders WHERE customer_id = 'KELL14' ORDER BY id DESC LIMIT 1), 'KELL14HP', 'Kelly Farm Heifer Pellet', 43740, 9232.97, 1);
INSERT INTO items (order_id, item_number, description, quantity, price, page) VALUES ((SELECT id FROM orders WHERE customer_id = 'KELL14' ORDER BY id DESC LIMIT 1), 'KELL15CP', 'Kelly AL Calf Starter Pellet', 15440, 4339.52, 1);
INSERT INTO items (order_id, item_number, description, quantity, price, page) VALUES ((SELECT id FROM orders WHERE customer_id = 'KELL14' ORDER BY id DESC LIMIT 1), 'KELL16H', 'Kelly Farm  Heifer Mineral Mas', 20000, 5176, 1);
INSERT INTO items (order_id, item_number, description, quantity, price, page) VALUES ((SELECT id FROM orders WHERE customer_id = 'KELL14' ORDER BY id DESC LIMIT 1), 'KELL18H', 'Kelly Farm Phillips Heifer Mas', 23640, 6112.29, 1);
INSERT INTO items (order_id, item_number, description, quantity, price, page) VALUES ((SELECT id FROM orders WHERE customer_id = 'KELL14' ORDER BY id DESC LIMIT 1), 'WSALT', 'BAGGED WHITE SALT', 4000, 836, 1);
INSERT INTO customers (customer_id, name, class, salesperson, user_id, page) VALUES ('MAPL14', 'Mapleline Farm', 'RETAIL', 'ST. ONGE, M', 'MMills', 1);
INSERT INTO orders (customer_id, order_date_start, order_date_end, total_quantity, total_price) VALUES ('MAPL14', '2024-1-9', '2024-30-9', 103610, 26809.7);
INSERT INTO items (order_id, item_number, description, quantity, price, page) VALUES ((SELECT id FROM orders WHERE customer_id = 'MAPL14' ORDER BY id DESC LIMIT 1), '5014', 'Amino Max - Bulk', 2020, 463.11, 1);
INSERT INTO items (order_id, item_number, description, quantity, price, page) VALUES ((SELECT id FROM orders WHERE customer_id = 'MAPL14' ORDER BY id DESC LIMIT 1), '991', 'CALCIUM SALT FAT', 950, 666.43, 1);
INSERT INTO items (order_id, item_number, description, quantity, price, page) VALUES ((SELECT id FROM orders WHERE customer_id = 'MAPL14' ORDER BY id DESC LIMIT 1), 'ALS50', 'AlphaLine Start Calf Starter 5', 500, 195.3, 1);
INSERT INTO items (order_id, item_number, description, quantity, price, page) VALUES ((SELECT id FROM orders WHERE customer_id = 'MAPL14' ORDER BY id DESC LIMIT 1), 'BALANCER', 'AlphaLine BALANCER Heifer Mineral', 450, 344.48, 1);
INSERT INTO items (order_id, item_number, description, quantity, price, page) VALUES ((SELECT id FROM orders WHERE customer_id = 'MAPL14' ORDER BY id DESC LIMIT 1), 'BICARB', 'Sodium Bicarbonate', 1200, 415.8, 1);
INSERT INTO items (order_id, item_number, description, quantity, price, page) VALUES ((SELECT id FROM orders WHERE customer_id = 'MAPL14' ORDER BY id DESC LIMIT 1), 'BOV2420', 'OptiMilk 24-20 4 Seasons BOV Milk Replacer', 900, 1360.9, 1);
INSERT INTO items (order_id, item_number, description, quantity, price, page) VALUES ((SELECT id FROM orders WHERE customer_id = 'MAPL14' ORDER BY id DESC LIMIT 1), 'DRYII', 'DRY COW MINERAL II', 300, 280.35, 1);
INSERT INTO items (order_id, item_number, description, quantity, price, page) VALUES ((SELECT id FROM orders WHERE customer_id = 'MAPL14' ORDER BY id DESC LIMIT 1), 'HRP20S', '20% Opti-Heif Rumensin Pellet', 4440, 826.8, 1);
INSERT INTO items (order_id, item_number, description, quantity, price, page) VALUES ((SELECT id FROM orders WHERE customer_id = 'MAPL14' ORDER BY id DESC LIMIT 1), 'MAPL20', 'Mapleline Complete Mash', 92100, 22016.9, 1);
INSERT INTO items (order_id, item_number, description, quantity, price, page) VALUES ((SELECT id FROM orders WHERE customer_id = 'MAPL14' ORDER BY id DESC LIMIT 1), 'TRANSC', 'Transition Complete Pellet', 750, 239.63, 1);
INSERT INTO customers (customer_id, name, class, salesperson, user_id, page) VALUES ('NOLA10', 'Mike & Donna Nolan', 'RETAIL', 'ANDREW, A', 'MMills', 1);
INSERT INTO orders (customer_id, order_date_start, order_date_end, total_quantity, total_price) VALUES ('NOLA10', '2024-1-9', '2024-30-9', 440240, 90348.01);
INSERT INTO items (order_id, item_number, description, quantity, price, page) VALUES ((SELECT id FROM orders WHERE customer_id = 'NOLA10' ORDER BY id DESC LIMIT 1), '5001', 'Bulk Soybean Meal', 30040, 6404.78, 1);
INSERT INTO items (order_id, item_number, description, quantity, price, page) VALUES ((SELECT id FROM orders WHERE customer_id = 'NOLA10' ORDER BY id DESC LIMIT 1), '5004', 'Bulk Corn Meal', 79260, 8163.78, 1);
INSERT INTO items (order_id, item_number, description, quantity, price, page) VALUES ((SELECT id FROM orders WHERE customer_id = 'NOLA10' ORDER BY id DESC LIMIT 1), '5005', 'Bulk Canola Meal', 10020, 1838.67, 1);
INSERT INTO items (order_id, item_number, description, quantity, price, page) VALUES ((SELECT id FROM orders WHERE customer_id = 'NOLA10' ORDER BY id DESC LIMIT 1), 'AUREO10', 'Aureomycin 10 GR/LB * VFD Required *', 500, 493.5, 1);
INSERT INTO items (order_id, item_number, description, quantity, price, page) VALUES ((SELECT id FROM orders WHERE customer_id = 'NOLA10' ORDER BY id DESC LIMIT 1), 'CR', 'Colostrum Replacement Dose 12.3 oz (UltraStart)', 10, 370.21, 1);
INSERT INTO items (order_id, item_number, description, quantity, price, page) VALUES ((SELECT id FROM orders WHERE customer_id = 'NOLA10' ORDER BY id DESC LIMIT 1), 'HRP20S', '20% Opti-Heif Rumensin Pellet', 6960, 1273.92, 1);
INSERT INTO items (order_id, item_number, description, quantity, price, page) VALUES ((SELECT id FROM orders WHERE customer_id = 'NOLA10' ORDER BY id DESC LIMIT 1), 'LAYC50', 'Layer Crumbles 50 lb', 250, 77.56, 1);
INSERT INTO items (order_id, item_number, description, quantity, price, page) VALUES ((SELECT id FROM orders WHERE customer_id = 'NOLA10' ORDER BY id DESC LIMIT 1), 'MNOL', 'CMM              KENYON HILL PROTEIN MASH', 193080, 47461.94, 1);
INSERT INTO items (order_id, item_number, description, quantity, price, page) VALUES ((SELECT id FROM orders WHERE customer_id = 'NOLA10' ORDER BY id DESC LIMIT 1), 'MNOL', 'RDC              MIKE NOLAN DRY COW   AA', 18100, 5742.19, 1);
INSERT INTO items (order_id, item_number, description, quantity, price, page) VALUES ((SELECT id FROM orders WHERE customer_id = 'NOLA10' ORDER BY id DESC LIMIT 1), 'ROBO10P', 'PGI ROBOT PELLET', 102020, 18521.46, 1);
INSERT INTO customers (customer_id, name, class, salesperson, user_id, page) VALUES ('NOLA11', 'Nolan Family Farm LLC', 'RETAIL', 'CARABEAU, M', 'MMills', 1);
INSERT INTO orders (customer_id, order_date_start, order_date_end, total_quantity, total_price) VALUES ('NOLA11', '2024-1-9', '2024-30-9', 287660, 61396.69);
INSERT INTO items (order_id, item_number, description, quantity, price, page) VALUES ((SELECT id FROM orders WHERE customer_id = 'NOLA11' ORDER BY id DESC LIMIT 1), '5013', 'Bulk Farm Molasses', 30700, 5188.3, 1);
INSERT INTO items (order_id, item_number, description, quantity, price, page) VALUES ((SELECT id FROM orders WHERE customer_id = 'NOLA11' ORDER BY id DESC LIMIT 1), 'ACIDIF', 'Alphaline Acidified Calf Technology', 2000, 2971, 1);
INSERT INTO items (order_id, item_number, description, quantity, price, page) VALUES ((SELECT id FROM orders WHERE customer_id = 'NOLA11' ORDER BY id DESC LIMIT 1), 'ALS50', 'AlphaLine Start Calf Starter 5', 200, 77.43, 1);
INSERT INTO items (order_id, item_number, description, quantity, price, page) VALUES ((SELECT id FROM orders WHERE customer_id = 'NOLA11' ORDER BY id DESC LIMIT 1), 'NOLA10', 'A. Nolan High Mash', 242780, 50119.07, 1);
INSERT INTO items (order_id, item_number, description, quantity, price, page) VALUES ((SELECT id FROM orders WHERE customer_id = 'NOLA11' ORDER BY id DESC LIMIT 1), 'NOLA11CD', 'A. Nolan CUD Mash', 4000, 1478.09, 1);
INSERT INTO items (order_id, item_number, description, quantity, price, page) VALUES ((SELECT id FROM orders WHERE customer_id = 'NOLA11' ORDER BY id DESC LIMIT 1), 'NOLA15HM', 'Nolan Heifer Mash', 7980, 1562.8, 1);
INSERT INTO customers (customer_id, name, class, salesperson, user_id, page) VALUES ('ODON11', 'Patrick O''Donnell', 'RETAIL', 'FLINT, H', 'MMills', 1);
INSERT INTO orders (customer_id, order_date_start, order_date_end, total_quantity, total_price) VALUES ('ODON11', '2024-1-9', '2024-30-9', 46095, 10584.68);
INSERT INTO items (order_id, item_number, description, quantity, price, page) VALUES ((SELECT id FROM orders WHERE customer_id = 'ODON11' ORDER BY id DESC LIMIT 1), 'ARCTIC', 'OptiMilk 23-22 ARCTIC BOV Milk Replacer w/Bovatec', 100, 150.44, 1);
INSERT INTO items (order_id, item_number, description, quantity, price, page) VALUES ((SELECT id FROM orders WHERE customer_id = 'ODON11' ORDER BY id DESC LIMIT 1), 'HRPN', '18% OPTI-HEIF BOVATEC PELLET', 7500, 1274.48, 1);
INSERT INTO items (order_id, item_number, description, quantity, price, page) VALUES ((SELECT id FROM orders WHERE customer_id = 'ODON11' ORDER BY id DESC LIMIT 1), 'ODON11', 'Pat Odonnell TMR Mash', 23735, 6199.98, 1);
INSERT INTO items (order_id, item_number, description, quantity, price, page) VALUES ((SELECT id FROM orders WHERE customer_id = 'ODON11' ORDER BY id DESC LIMIT 1), 'ODON12P', 'Pat O''Donnell Robot Pellet', 13160, 2452.96, 1);
INSERT INTO items (order_id, item_number, description, quantity, price, page) VALUES ((SELECT id FROM orders WHERE customer_id = 'ODON11' ORDER BY id DESC LIMIT 1), 'OPTICAF', 'Opti-C.A.F. Starter', 100, 33.98, 1);
INSERT INTO items (order_id, item_number, description, quantity, price, page) VALUES ((SELECT id FROM orders WHERE customer_id = 'ODON11' ORDER BY id DESC LIMIT 1), 'TRANSC', 'Transition Complete Pellet', 1500, 472.84, 1);
INSERT INTO customers (customer_id, name, class, salesperson, user_id, page) VALUES ('POUL96', 'Joshua Poulin', 'WHOLESALE', 'HOUSE', 'MMills', 1);
INSERT INTO orders (customer_id, order_date_start, order_date_end, total_quantity, total_price) VALUES ('POUL96', '2024-1-9', '2024-30-9', 176979.05, 33726.97);
INSERT INTO items (order_id, item_number, description, quantity, price, page) VALUES ((SELECT id FROM orders WHERE customer_id = 'POUL96' ORDER BY id DESC LIMIT 1), 'ALS50', 'AlphaLine Start Calf Starter 5', 2000, 750.93, 1);
INSERT INTO items (order_id, item_number, description, quantity, price, page) VALUES ((SELECT id FROM orders WHERE customer_id = 'POUL96' ORDER BY id DESC LIMIT 1), 'CR20', 'Colostrum Replacer 20 lb Bucket (UltraStart)', 20, 890, 1);
INSERT INTO items (order_id, item_number, description, quantity, price, page) VALUES ((SELECT id FROM orders WHERE customer_id = 'POUL96' ORDER BY id DESC LIMIT 1), 'HEIFRP50', 'Bag Opti-Heif RP Pellet', 8000, 2312.78, 1);
INSERT INTO items (order_id, item_number, description, quantity, price, page) VALUES ((SELECT id FROM orders WHERE customer_id = 'POUL96' ORDER BY id DESC LIMIT 1), 'POUL10P', 'Poulin Farm Robot Pellet', 65529.05, 7855.8, 1);
INSERT INTO items (order_id, item_number, description, quantity, price, page) VALUES ((SELECT id FROM orders WHERE customer_id = 'POUL96' ORDER BY id DESC LIMIT 1), 'POUL12', 'Poulin Farm PMR Mash', 85495, 17217.68, 1);
INSERT INTO items (order_id, item_number, description, quantity, price, page) VALUES ((SELECT id FROM orders WHERE customer_id = 'POUL96' ORDER BY id DESC LIMIT 1), 'POUL13CD', 'Poulin Farm CUD Mash', 5930, 2470.93, 1);
INSERT INTO items (order_id, item_number, description, quantity, price, page) VALUES ((SELECT id FROM orders WHERE customer_id = 'POUL96' ORDER BY id DESC LIMIT 1), 'POUL16H', 'Poulin Farm Heifer Mash', 9980, 2152.86, 1);
INSERT INTO items (order_id, item_number, description, quantity, price, page) VALUES ((SELECT id FROM orders WHERE customer_id = 'POUL96' ORDER BY id DESC LIMIT 1), 'VF25', 'Vitalfort Electrolyte 25 lb', 25, 75.99, 1);
INSERT INTO customers (customer_id, name, class, salesperson, user_id, page) VALUES ('SMIT21', 'Smith Dairy LLC', 'RETAIL', 'ANDREW, A', 'MMills', 1);
INSERT INTO orders (customer_id, order_date_start, order_date_end, total_quantity, total_price) VALUES ('SMIT21', '2024-1-9', '2024-30-9', 204640, 41891.4);
INSERT INTO items (order_id, item_number, description, quantity, price, page) VALUES ((SELECT id FROM orders WHERE customer_id = 'SMIT21' ORDER BY id DESC LIMIT 1), 'HRP20S', '20% Opti-Heif Rumensin Pellet', 10100, 1851.58, 1);
INSERT INTO items (order_id, item_number, description, quantity, price, page) VALUES ((SELECT id FROM orders WHERE customer_id = 'SMIT21' ORDER BY id DESC LIMIT 1), 'SMIT25', 'Ed Smith Dairy Mash', 194540, 40039.82, 1);
INSERT INTO customers (customer_id, name, class, salesperson, user_id, page) VALUES ('SIZE10', 'Sizen Dairy Farm', 'RETAIL', 'DOANE, M', 'MMills', 1);
INSERT INTO orders (customer_id, order_date_start, order_date_end, total_quantity, total_price) VALUES ('SIZE10', '2024-1-9', '2024-30-9', 168110, 38292.45);
INSERT INTO items (order_id, item_number, description, quantity, price, page) VALUES ((SELECT id FROM orders WHERE customer_id = 'SIZE10' ORDER BY id DESC LIMIT 1), 'ALTBULK', 'BULK AL TRANS HEIF PELLET', 4155, 827.28, 1);
INSERT INTO items (order_id, item_number, description, quantity, price, page) VALUES ((SELECT id FROM orders WHERE customer_id = 'SIZE10' ORDER BY id DESC LIMIT 1), 'BOV2420', 'OptiMilk 24-20 4 Seasons BOV Milk Replacer', 750, 1155, 1);
INSERT INTO items (order_id, item_number, description, quantity, price, page) VALUES ((SELECT id FROM orders WHERE customer_id = 'SIZE10' ORDER BY id DESC LIMIT 1), 'ROBO20P', 'PGI Robot Pellet', 59280, 11768.75, 1);
INSERT INTO items (order_id, item_number, description, quantity, price, page) VALUES ((SELECT id FROM orders WHERE customer_id = 'SIZE10' ORDER BY id DESC LIMIT 1), 'SIZE10', 'Sizen PMR Mash', 101870, 23790.49, 1);
INSERT INTO items (order_id, item_number, description, quantity, price, page) VALUES ((SELECT id FROM orders WHERE customer_id = 'SIZE10' ORDER BY id DESC LIMIT 1), 'SIZE13D', 'Sizen CUD Mash', 2055, 750.93, 1);
INSERT INTO customers (customer_id, name, class, salesperson, user_id, page) VALUES ('TAFT11', 'Bruce & Mary Taft', 'KEYM4', 'CARABEAU, M', 'MMills', 1);
INSERT INTO orders (customer_id, order_date_start, order_date_end, total_quantity, total_price) VALUES ('TAFT11', '2024-1-9', '2024-30-9', 249630, 60908.33);
INSERT INTO items (order_id, item_number, description, quantity, price, page) VALUES ((SELECT id FROM orders WHERE customer_id = 'TAFT11' ORDER BY id DESC LIMIT 1), 'ACIDIF', 'Alphaline Acidified Calf Technology', 2000, 2971, 1);
INSERT INTO items (order_id, item_number, description, quantity, price, page) VALUES ((SELECT id FROM orders WHERE customer_id = 'TAFT11' ORDER BY id DESC LIMIT 1), 'DRYII', 'DRY COW MINERAL II', 250, 232.39, 1);
INSERT INTO items (order_id, item_number, description, quantity, price, page) VALUES ((SELECT id FROM orders WHERE customer_id = 'TAFT11' ORDER BY id DESC LIMIT 1), 'LAYC50', 'Layer Crumbles 50 lb', 50, 15.55, 1);
INSERT INTO items (order_id, item_number, description, quantity, price, page) VALUES ((SELECT id FROM orders WHERE customer_id = 'TAFT11' ORDER BY id DESC LIMIT 1), 'OPTICAF', 'Opti-C.A.F. Starter', 100, 33.91, 1);
INSERT INTO items (order_id, item_number, description, quantity, price, page) VALUES ((SELECT id FROM orders WHERE customer_id = 'TAFT11' ORDER BY id DESC LIMIT 1), 'TAFT10', 'Taft High Mash', 151295, 35913.97, 1);
INSERT INTO items (order_id, item_number, description, quantity, price, page) VALUES ((SELECT id FROM orders WHERE customer_id = 'TAFT11' ORDER BY id DESC LIMIT 1), 'TAFT11', 'Taft Mid Mash', 89920, 19238.45, 1);
INSERT INTO items (order_id, item_number, description, quantity, price, page) VALUES ((SELECT id FROM orders WHERE customer_id = 'TAFT11' ORDER BY id DESC LIMIT 1), 'TAFT12CD', 'Taft CUD Mash', 6005, 2386.42, 1);
INSERT INTO items (order_id, item_number, description, quantity, price, page) VALUES ((SELECT id FROM orders WHERE customer_id = 'TAFT11' ORDER BY id DESC LIMIT 1), 'VR10', 'Vital Recover 10 lb Pail', 10, 116.64, 1);
INSERT INTO customers (customer_id, name, class, salesperson, user_id, page) VALUES ('VERN10', 'Vern-Mont Farm LLC', 'RETAIL', 'ST. ONGE, M', 'MMills', 1);
INSERT INTO orders (customer_id, order_date_start, order_date_end, total_quantity, total_price) VALUES ('VERN10', '2024-1-9', '2024-30-9', 335590, 75075.84);
INSERT INTO items (order_id, item_number, description, quantity, price, page) VALUES ((SELECT id FROM orders WHERE customer_id = 'VERN10' ORDER BY id DESC LIMIT 1), '5005', 'Bulk Canola Meal', 38465, 7212.19, 1);
INSERT INTO items (order_id, item_number, description, quantity, price, page) VALUES ((SELECT id FROM orders WHERE customer_id = 'VERN10' ORDER BY id DESC LIMIT 1), '998', 'C-16 FAT BAGGED', 3600, 3191.4, 1);
INSERT INTO items (order_id, item_number, description, quantity, price, page) VALUES ((SELECT id FROM orders WHERE customer_id = 'VERN10' ORDER BY id DESC LIMIT 1), 'ALS50', 'AlphaLine Start Calf Starter 5', 1600, 617.99, 1);
INSERT INTO items (order_id, item_number, description, quantity, price, page) VALUES ((SELECT id FROM orders WHERE customer_id = 'VERN10' ORDER BY id DESC LIMIT 1), 'BTM50', 'ALPHALINE SURE TRAX HEIFER MINERAL', 1400, 1200.5, 1);
INSERT INTO items (order_id, item_number, description, quantity, price, page) VALUES ((SELECT id FROM orders WHERE customer_id = 'VERN10' ORDER BY id DESC LIMIT 1), 'DRYII', 'DRY COW MINERAL II', 850, 790.08, 1);
INSERT INTO items (order_id, item_number, description, quantity, price, page) VALUES ((SELECT id FROM orders WHERE customer_id = 'VERN10' ORDER BY id DESC LIMIT 1), 'HRP20S', '20% Opti-Heif Rumensin Pellet', 6020, 1063.12, 1);
INSERT INTO items (order_id, item_number, description, quantity, price, page) VALUES ((SELECT id FROM orders WHERE customer_id = 'VERN10' ORDER BY id DESC LIMIT 1), 'PMB50', 'AlphaLine 25/10 Milk Builder MOS BOV', 200, 304.08, 1);
INSERT INTO items (order_id, item_number, description, quantity, price, page) VALUES ((SELECT id FROM orders WHERE customer_id = 'VERN10' ORDER BY id DESC LIMIT 1), 'VERN10', 'Vern-Mont High Mash', 219785, 45752.84, 1);
INSERT INTO items (order_id, item_number, description, quantity, price, page) VALUES ((SELECT id FROM orders WHERE customer_id = 'VERN10' ORDER BY id DESC LIMIT 1), 'VERN11', 'Vern-Mont Fresh Mash', 23860, 5444.46, 1);
INSERT INTO items (order_id, item_number, description, quantity, price, page) VALUES ((SELECT id FROM orders WHERE customer_id = 'VERN10' ORDER BY id DESC LIMIT 1), 'VERN12D', 'Vern-Mont CUD Mash', 11850, 4508.45, 1);
INSERT INTO items (order_id, item_number, description, quantity, price, page) VALUES ((SELECT id FROM orders WHERE customer_id = 'VERN10' ORDER BY id DESC LIMIT 1), 'VERN13', 'Vern-Mont Midd/Low Mash', 27960, 4990.73, 1);
INSERT INTO customers (customer_id, name, class, salesperson, user_id, page) VALUES ('WEST14', 'Westminster Farms', 'RETAIL', 'ST. ONGE, M', 'MMills', 1);
INSERT INTO orders (customer_id, order_date_start, order_date_end, total_quantity, total_price) VALUES ('WEST14', '2024-1-9', '2024-30-9', 546739.84, 111568.45);
INSERT INTO items (order_id, item_number, description, quantity, price, page) VALUES ((SELECT id FROM orders WHERE customer_id = 'WEST14' ORDER BY id DESC LIMIT 1), '5014', 'Amino Max - Bulk', 59185, 13099.03, 1);
INSERT INTO items (order_id, item_number, description, quantity, price, page) VALUES ((SELECT id FROM orders WHERE customer_id = 'WEST14' ORDER BY id DESC LIMIT 1), '998', 'C-16 FAT BAGGED', 5661.38, 5018.81, 1);
INSERT INTO items (order_id, item_number, description, quantity, price, page) VALUES ((SELECT id FROM orders WHERE customer_id = 'WEST14' ORDER BY id DESC LIMIT 1), 'WEST10', 'Westminister Farms High Mash', 481893.46, 93450.61, 1);
INSERT INTO customers (customer_id, name, class, salesperson, user_id, page) VALUES ('WOOD10', 'Wood Farm LLC', 'RETAIL', 'PIERCE, R.', 'MMills', 1);
INSERT INTO orders (customer_id, order_date_start, order_date_end, total_quantity, total_price) VALUES ('WOOD10', '2024-1-9', '2024-30-9', 775560, 140184.45);
INSERT INTO items (order_id, item_number, description, quantity, price, page) VALUES ((SELECT id FROM orders WHERE customer_id = 'WOOD10' ORDER BY id DESC LIMIT 1), '5004', 'Bulk Corn Meal', 262060, 26992.18, 1);
INSERT INTO items (order_id, item_number, description, quantity, price, page) VALUES ((SELECT id FROM orders WHERE customer_id = 'WOOD10' ORDER BY id DESC LIMIT 1), 'ALTBULKC', 'Bulk AL Trans 18% Heif Pellet', 20020, 3970.75, 1);
INSERT INTO items (order_id, item_number, description, quantity, price, page) VALUES ((SELECT id FROM orders WHERE customer_id = 'WOOD10' ORDER BY id DESC LIMIT 1), 'BOV2420', 'OptiMilk 24-20 4 Seasons BOV Milk Replacer', 4000, 5988.4, 1);
INSERT INTO items (order_id, item_number, description, quantity, price, page) VALUES ((SELECT id FROM orders WHERE customer_id = 'WOOD10' ORDER BY id DESC LIMIT 1), 'WOOD11', 'Wood Farm High Mash', 331620, 70371.33, 1);
INSERT INTO items (order_id, item_number, description, quantity, price, page) VALUES ((SELECT id FROM orders WHERE customer_id = 'WOOD10' ORDER BY id DESC LIMIT 1), 'WOOD12', 'Wood Farm Low Mash', 137960, 27539, 1);
INSERT INTO items (order_id, item_number, description, quantity, price, page) VALUES ((SELECT id FROM orders WHERE customer_id = 'WOOD10' ORDER BY id DESC LIMIT 1), 'WOOD15CD', 'Woods Farm CUD Mash', 19900, 5322.79, 1);
INSERT INTO customers (customer_id, name, class, salesperson, user_id, page) VALUES ('UVM11', 'UVM Paul Miller Research Cent', 'RETAIL', 'CARABEAU, M', 'MMills', 1);
INSERT INTO orders (customer_id, order_date_start, order_date_end, total_quantity, total_price) VALUES ('UVM11', '2024-1-9', '2024-30-9', 99710.11, 29607.94);
INSERT INTO items (order_id, item_number, description, quantity, price, page) VALUES ((SELECT id FROM orders WHERE customer_id = 'UVM11' ORDER BY id DESC LIMIT 1), '430', 'REASHURE CHOLINE', 55.11, 160.19, 1);
INSERT INTO items (order_id, item_number, description, quantity, price, page) VALUES ((SELECT id FROM orders WHERE customer_id = 'UVM11' ORDER BY id DESC LIMIT 1), '998', 'C-16 FAT BAGGED', 50, 44.33, 1);
INSERT INTO items (order_id, item_number, description, quantity, price, page) VALUES ((SELECT id FROM orders WHERE customer_id = 'UVM11' ORDER BY id DESC LIMIT 1), 'ALS50', 'AlphaLine Start Calf Starter 5', 3250, 1254.96, 1);
INSERT INTO items (order_id, item_number, description, quantity, price, page) VALUES ((SELECT id FROM orders WHERE customer_id = 'UVM11' ORDER BY id DESC LIMIT 1), 'BALANCER', 'AlphaLine BALANCER Heifer Mineral', 250, 190.13, 1);
INSERT INTO items (order_id, item_number, description, quantity, price, page) VALUES ((SELECT id FROM orders WHERE customer_id = 'UVM11' ORDER BY id DESC LIMIT 1), 'BOV2424', 'Alphaline Advantage 24/24 Bov', 6250, 386.28, 1);
INSERT INTO items (order_id, item_number, description, quantity, price, page) VALUES ((SELECT id FROM orders WHERE customer_id = 'UVM11' ORDER BY id DESC LIMIT 1), 'LIME', 'Calcium Carbonate', 150, 21.68, 1);
INSERT INTO items (order_id, item_number, description, quantity, price, page) VALUES ((SELECT id FROM orders WHERE customer_id = 'UVM11' ORDER BY id DESC LIMIT 1), 'MILKC', 'UVM Trial 24/17 - MIlk Replacer w/BOV', 6000, 5956, 1);
INSERT INTO items (order_id, item_number, description, quantity, price, page) VALUES ((SELECT id FROM orders WHERE customer_id = 'UVM11' ORDER BY id DESC LIMIT 1), 'OPTICAF', 'Opti-C.A.F. Starter', 6000, 1974.45, 1);
INSERT INTO items (order_id, item_number, description, quantity, price, page) VALUES ((SELECT id FROM orders WHERE customer_id = 'UVM11' ORDER BY id DESC LIMIT 1), 'TMB', 'Block - Trace Mineral Salt', 300, 73.32, 1);
INSERT INTO items (order_id, item_number, description, quantity, price, page) VALUES ((SELECT id FROM orders WHERE customer_id = 'UVM11' ORDER BY id DESC LIMIT 1), 'UVM10', 'UVM High Mash', 61545, 15855.75, 1);
INSERT INTO items (order_id, item_number, description, quantity, price, page) VALUES ((SELECT id FROM orders WHERE customer_id = 'UVM11' ORDER BY id DESC LIMIT 1), 'UVM11D', 'UVM Dairy CUD Mash', 2020, 698.3, 1);
INSERT INTO items (order_id, item_number, description, quantity, price, page) VALUES ((SELECT id FROM orders WHERE customer_id = 'UVM11' ORDER BY id DESC LIMIT 1), 'UVM13', 'UVM Low Mash', 13840, 2992.55, 1);
INSERT INTO customers (customer_id, name, class, salesperson, user_id, page) VALUES ('HIGH12', 'Highland Farms Dairy LLC', 'RETAIL', 'FLINT, H', 'MMills', 1);
INSERT INTO orders (customer_id, order_date_start, order_date_end, total_quantity, total_price) VALUES ('HIGH12', '2024-1-9', '2024-30-9', 169395, 40966.03);
INSERT INTO items (order_id, item_number, description, quantity, price, page) VALUES ((SELECT id FROM orders WHERE customer_id = 'HIGH12' ORDER BY id DESC LIMIT 1), '998', 'C-16 FAT BAGGED', 350, 312.38, 1);
INSERT INTO items (order_id, item_number, description, quantity, price, page) VALUES ((SELECT id FROM orders WHERE customer_id = 'HIGH12' ORDER BY id DESC LIMIT 1), 'BALANCER', 'AlphaLine BALANCER Heifer Mineral', 550, 421.58, 1);
INSERT INTO items (order_id, item_number, description, quantity, price, page) VALUES ((SELECT id FROM orders WHERE customer_id = 'HIGH12' ORDER BY id DESC LIMIT 1), 'BICARB', 'Sodium Bicarbonate', 250, 86.88, 1);
INSERT INTO items (order_id, item_number, description, quantity, price, page) VALUES ((SELECT id FROM orders WHERE customer_id = 'HIGH12' ORDER BY id DESC LIMIT 1), 'BOV2424', 'Alphaline Advantage 24/24 Bov', 1000, 1551.1, 1);
INSERT INTO items (order_id, item_number, description, quantity, price, page) VALUES ((SELECT id FROM orders WHERE customer_id = 'HIGH12' ORDER BY id DESC LIMIT 1), 'DRYII', 'DRY COW MINERAL II', 200, 187.11, 1);
INSERT INTO items (order_id, item_number, description, quantity, price, page) VALUES ((SELECT id FROM orders WHERE customer_id = 'HIGH12' ORDER BY id DESC LIMIT 1), 'HIGH25', 'Highland Farm Lact Mash', 147105, 34071.07, 1);
INSERT INTO items (order_id, item_number, description, quantity, price, page) VALUES ((SELECT id FROM orders WHERE customer_id = 'HIGH12' ORDER BY id DESC LIMIT 1), 'HIGH26CD', 'Highland Farm CUD Mash', 2990, 1255.87, 1);
INSERT INTO items (order_id, item_number, description, quantity, price, page) VALUES ((SELECT id FROM orders WHERE customer_id = 'HIGH12' ORDER BY id DESC LIMIT 1), 'HRP20S', '20% Opti-Heif Rumensin Pellet', 16500, 2937.2, 1);
INSERT INTO items (order_id, item_number, description, quantity, price, page) VALUES ((SELECT id FROM orders WHERE customer_id = 'HIGH12' ORDER BY id DESC LIMIT 1), 'OPTICAF', 'Opti-C.A.F. Starter', 300, 103.99, 1);
INSERT INTO items (order_id, item_number, description, quantity, price, page) VALUES ((SELECT id FROM orders WHERE customer_id = 'HIGH12' ORDER BY id DESC LIMIT 1), 'TM', 'Bag - Trace Mineral Salt', 150, 38.85, 1);
INSERT INTO customers (customer_id, name, class, salesperson, user_id, page) VALUES ('TAYL12', 'Taylor Dairy Farm', 'RETAIL', 'FLINT, H', 'MMills', 1);
INSERT INTO orders (customer_id, order_date_start, order_date_end, total_quantity, total_price) VALUES ('TAYL12', '2024-1-9', '2024-30-9', 602950, 140683.2);
INSERT INTO items (order_id, item_number, description, quantity, price, page) VALUES ((SELECT id FROM orders WHERE customer_id = 'TAYL12' ORDER BY id DESC LIMIT 1), 'ALTBULK', 'BULK AL TRANS HEIF PELLET', 16100, 3353.36, 1);
INSERT INTO items (order_id, item_number, description, quantity, price, page) VALUES ((SELECT id FROM orders WHERE customer_id = 'TAYL12' ORDER BY id DESC LIMIT 1), 'OMES', 'OptiMilk 22.5/20 Essential BOV Milk Replacer', 600, 886.62, 1);
INSERT INTO items (order_id, item_number, description, quantity, price, page) VALUES ((SELECT id FROM orders WHERE customer_id = 'TAYL12' ORDER BY id DESC LIMIT 1), 'TAYL10', 'Taylor Farm High Mash', 216455, 60970.8, 1);
INSERT INTO items (order_id, item_number, description, quantity, price, page) VALUES ((SELECT id FROM orders WHERE customer_id = 'TAYL12' ORDER BY id DESC LIMIT 1), 'TAYL11CD', 'Taylor Farm CUD Mash', 14775, 6279.32, 1);
INSERT INTO items (order_id, item_number, description, quantity, price, page) VALUES ((SELECT id FROM orders WHERE customer_id = 'TAYL12' ORDER BY id DESC LIMIT 1), 'TAYL13H', 'Taylor Farm Heifer Mineral', 2050, 943.42, 1);
INSERT INTO items (order_id, item_number, description, quantity, price, page) VALUES ((SELECT id FROM orders WHERE customer_id = 'TAYL12' ORDER BY id DESC LIMIT 1), 'TAYL15', 'Taylor Farm Low Mash', 106580, 26967.63, 1);
INSERT INTO items (order_id, item_number, description, quantity, price, page) VALUES ((SELECT id FROM orders WHERE customer_id = 'TAYL12' ORDER BY id DESC LIMIT 1), 'TAYL16', 'Taylor Farm Commodity Mash', 246390, 41282.05, 1);
INSERT INTO customers (customer_id, name, class, salesperson, user_id, page) VALUES ('REMI11', 'Remillard Farms', 'RETAIL', 'MOLESKY, P', 'MMills', 1);
INSERT INTO orders (customer_id, order_date_start, order_date_end, total_quantity, total_price) VALUES ('REMI11', '2024-1-9', '2024-30-9', 433130, 95488.79);
INSERT INTO items (order_id, item_number, description, quantity, price, page) VALUES ((SELECT id FROM orders WHERE customer_id = 'REMI11' ORDER BY id DESC LIMIT 1), '5004', 'Bulk Corn Meal', 162255, 17361.3, 1);
INSERT INTO items (order_id, item_number, description, quantity, price, page) VALUES ((SELECT id FROM orders WHERE customer_id = 'REMI11' ORDER BY id DESC LIMIT 1), 'ALS50', 'AlphaLine Start Calf Starter 5', 750, 289.1, 1);
INSERT INTO items (order_id, item_number, description, quantity, price, page) VALUES ((SELECT id FROM orders WHERE customer_id = 'REMI11' ORDER BY id DESC LIMIT 1), 'ALTBULK', 'BULK AL TRANS HEIF PELLET', 12070, 2429.1, 1);
INSERT INTO items (order_id, item_number, description, quantity, price, page) VALUES ((SELECT id FROM orders WHERE customer_id = 'REMI11' ORDER BY id DESC LIMIT 1), 'REMI10', 'Remillard High Mash', 216320, 62685.25, 1);
INSERT INTO items (order_id, item_number, description, quantity, price, page) VALUES ((SELECT id FROM orders WHERE customer_id = 'REMI11' ORDER BY id DESC LIMIT 1), 'REMI11CD', 'Remillard PreFresh (CUD) Mash', 6010, 2301.86, 1);
INSERT INTO items (order_id, item_number, description, quantity, price, page) VALUES ((SELECT id FROM orders WHERE customer_id = 'REMI11' ORDER BY id DESC LIMIT 1), 'REMI12', 'Remillard Fresh Mash', 17895, 6039.83, 1);
INSERT INTO items (order_id, item_number, description, quantity, price, page) VALUES ((SELECT id FROM orders WHERE customer_id = 'REMI11' ORDER BY id DESC LIMIT 1), 'REMI13', 'Remillard Farm Low Mash', 17830, 4382.35, 1);
INSERT INTO customers (customer_id, name, class, salesperson, user_id, page) VALUES ('PINE11', 'Pinello/Savello Farm', 'RETAIL', 'FLINT, H', 'MMills', 1);
INSERT INTO orders (customer_id, order_date_start, order_date_end, total_quantity, total_price) VALUES ('PINE11', '2024-1-9', '2024-30-9', 188645, 58420.9);
INSERT INTO items (order_id, item_number, description, quantity, price, page) VALUES ((SELECT id FROM orders WHERE customer_id = 'PINE11' ORDER BY id DESC LIMIT 1), '5005', 'Bulk Canola Meal', 24035, 4202.53, 1);
INSERT INTO items (order_id, item_number, description, quantity, price, page) VALUES ((SELECT id FROM orders WHERE customer_id = 'PINE11' ORDER BY id DESC LIMIT 1), '5014', 'Amino Max - Bulk', 28140, 6280.24, 1);
INSERT INTO items (order_id, item_number, description, quantity, price, page) VALUES ((SELECT id FROM orders WHERE customer_id = 'PINE11' ORDER BY id DESC LIMIT 1), 'ALT20', 'Bulk Alpha 20% Trans Heif Pell', 11925, 2573.1, 1);
INSERT INTO items (order_id, item_number, description, quantity, price, page) VALUES ((SELECT id FROM orders WHERE customer_id = 'PINE11' ORDER BY id DESC LIMIT 1), 'BALANCER', 'AlphaLine BALANCER Heifer Mineral', 750, 570.38, 1);
INSERT INTO items (order_id, item_number, description, quantity, price, page) VALUES ((SELECT id FROM orders WHERE customer_id = 'PINE11' ORDER BY id DESC LIMIT 1), 'PINE11D', 'Pinello DryCow Min Mash', 2020, 619.95, 1);
INSERT INTO items (order_id, item_number, description, quantity, price, page) VALUES ((SELECT id FROM orders WHERE customer_id = 'PINE11' ORDER BY id DESC LIMIT 1), 'PINE12CD', 'Pinello CUD Mash', 2025, 872.4, 1);
INSERT INTO items (order_id, item_number, description, quantity, price, page) VALUES ((SELECT id FROM orders WHERE customer_id = 'PINE11' ORDER BY id DESC LIMIT 1), 'PINE15', 'Pinello Springer Mash', 1990, 618.52, 1);
INSERT INTO items (order_id, item_number, description, quantity, price, page) VALUES ((SELECT id FROM orders WHERE customer_id = 'PINE11' ORDER BY id DESC LIMIT 1), 'PINE16', 'Pinello High Mash', 67450, 25378.13, 1);
INSERT INTO items (order_id, item_number, description, quantity, price, page) VALUES ((SELECT id FROM orders WHERE customer_id = 'PINE11' ORDER BY id DESC LIMIT 1), 'PINE17', 'Pinello 1st Lact Mash', 28225, 11483.35, 1);
INSERT INTO items (order_id, item_number, description, quantity, price, page) VALUES ((SELECT id FROM orders WHERE customer_id = 'PINE11' ORDER BY id DESC LIMIT 1), 'PINE18H', 'Pinello Heifer Mash', 13880, 3263.42, 1);
INSERT INTO items (order_id, item_number, description, quantity, price, page) VALUES ((SELECT id FROM orders WHERE customer_id = 'PINE11' ORDER BY id DESC LIMIT 1), 'PINE19', 'Pinello Fresh Mash', 8205, 2558.88, 1);
INSERT INTO customers (customer_id, name, class, salesperson, user_id, page) VALUES ('MACH10', 'Ronald & Cheryl Machia', 'RETAIL', 'GINGUE, D', 'NULL', 1);
INSERT INTO orders (customer_id, order_date_start, order_date_end, total_quantity, total_price) VALUES ('MACH10', '2024-1-9', '2024-30-9', 934385, 214000.73);
INSERT INTO items (order_id, item_number, description, quantity, price, page) VALUES ((SELECT id FROM orders WHERE customer_id = 'MACH10' ORDER BY id DESC LIMIT 1), 'ALS50', 'AlphaLine Start Calf Starter 5', 250, 96.53, 1);
INSERT INTO items (order_id, item_number, description, quantity, price, page) VALUES ((SELECT id FROM orders WHERE customer_id = 'MACH10' ORDER BY id DESC LIMIT 1), 'DRYII', 'DRY COW MINERAL II', 400, 371.8, 1);
INSERT INTO items (order_id, item_number, description, quantity, price, page) VALUES ((SELECT id FROM orders WHERE customer_id = 'MACH10' ORDER BY id DESC LIMIT 1), 'MACH10', 'Machia High Mash', 582715, 139463.45, 1);
INSERT INTO items (order_id, item_number, description, quantity, price, page) VALUES ((SELECT id FROM orders WHERE customer_id = 'MACH10' ORDER BY id DESC LIMIT 1), 'MACH11', 'Machia Low Mash', 101850, 18984.42, 1);
INSERT INTO items (order_id, item_number, description, quantity, price, page) VALUES ((SELECT id FROM orders WHERE customer_id = 'MACH10' ORDER BY id DESC LIMIT 1), 'MACH12', 'Machia Fresh Mash', 39810, 10957.08, 1);
INSERT INTO items (order_id, item_number, description, quantity, price, page) VALUES ((SELECT id FROM orders WHERE customer_id = 'MACH10' ORDER BY id DESC LIMIT 1), 'MACH13CD', 'Machia CUD Mash', 16080, 8020.27, 1);
INSERT INTO items (order_id, item_number, description, quantity, price, page) VALUES ((SELECT id FROM orders WHERE customer_id = 'MACH10' ORDER BY id DESC LIMIT 1), 'MACH16', 'Machia Dragon High Mash', 193280, 36107.18, 1);
